schema_version,panel,engine,natoms,batch_size,start_policy,effective_start_policy,total_atoms_in_batch,cpu_threads,device_id,availability,median_ms,mean_ms,min_ms,max_ms,p95_ms,systems_per_second_at_median,correctness_status,cross_engine_status,max_abs_energy_delta_hartree,max_abs_force_delta_hartree_per_bohr,measured_date,source_revision,runtime_identity,artifact_path,artifact_sha256,evidence_bundle,reference_artifact_sha256,hostname,cpu_model,cuda_device,cuda_uuid,cuda_driver,protocol_id
1,cold,xtbloom-cpu,14,1,cold,cold,14,16,0,available,2.747343,2.9122153333333336,2.744167,3.245136,3.245136,363.98804226483554,pass,pass,4.0690473213089717e-10,4.353963344713371e-06,2026-08-09,c9c0a432947f122d25cb91d0a4624af0a3e761ad,libxtbloom.so.0.1.0 sha256=eba5b40dd5cd9c156a3d4eb9a1fdb0da96e0d5beaa668bdeb51694ce67364ad2,benchmarks/evidence/issue-13/2026-08-09-node3-pr231/xtbloom-cpu-cold.csv,826134174fd11268de0ddb9a5753ec76df30e25da4e7d4795f40139348b43e0d,benchmarks/evidence/issue-13/2026-08-09-node3-pr231/README.md,401125f8e1ca89aceca982a427581fb7b90d5ff9f50596a64592fd581d18c25e,node3,AMD EPYC 7K62 48-Core Processor,NVIDIA GeForce RTX 5090,GPU-8e9c9e1a-e183-258c-0b3a-03a5ddebb2f8,580.95.05,cross-engine-gfn2-force-v1
1,cold,xtbloom-cpu,32,1,cold,cold,32,16,0,available,11.533681999999999,11.678182,11.455100999999999,12.045762999999999,12.045762999999999,86.70258118786352,pass,pass,1.9539214690666995e-10,3.6201510572415538e-06,2026-08-09,c9c0a432947f122d25cb91d0a4624af0a3e761ad,libxtbloom.so.0.1.0 sha256=eba5b40dd5cd9c156a3d4eb9a1fdb0da96e0d5beaa668bdeb51694ce67364ad2,benchmarks/evidence/issue-13/2026-08-09-node3-pr231/xtbloom-cpu-cold.csv,826134174fd11268de0ddb9a5753ec76df30e25da4e7d4795f40139348b43e0d,benchmarks/evidence/issue-13/2026-08-09-node3-pr231/README.md,401125f8e1ca89aceca982a427581fb7b90d5ff9f50596a64592fd581d18c25e,node3,AMD EPYC 7K62 48-Core Processor,NVIDIA GeForce RTX 5090,GPU-8e9c9e1a-e183-258c-0b3a-03a5ddebb2f8,580.95.05,cross-engine-gfn2-force-v1
1,cold,xtbloom-cpu,62,1,cold,cold,62,16,0,available,35.958273999999996,36.012825666666664,35.813307,36.266895999999996,36.266895999999996,27.810011125673054,pass,pass,2.4158453015843406e-13,3.627982579542291e-06,2026-08-09,c9c0a432947f122d25cb91d0a4624af0a3e761ad,libxtbloom.so.0.1.0 sha256=eba5b40dd5cd9c156a3d4eb9a1fdb0da96e0d5beaa668bdeb51694ce67364ad2,benchmarks/evidence/issue-13/2026-08-09-node3-pr231/xtbloom-cpu-cold.csv,826134174fd11268de0ddb9a5753ec76df30e25da4e7d4795f40139348b43e0d,benchmarks/evidence/issue-13/2026-08-09-node3-pr231/README.md,401125f8e1ca89aceca982a427581fb7b90d5ff9f50596a64592fd581d18c25e,node3,AMD EPYC 7K62 48-Core Processor,NVIDIA GeForce RTX 5090,GPU-8e9c9e1a-e183-258c-0b3a-03a5ddebb2f8,580.95.05,cross-engine-gfn2-force-v1
1,cold,xtbloom-cpu,122,1,cold,cold,122,16,0,available,134.229363,134.055911,133.37145999999998,134.56691,134.56691,7.449934780663453,pass,pass,4.078515303262975e-12,4.058778356385198e-06,2026-08-09,c9c0a432947f122d25cb91d0a4624af0a3e761ad,libxtbloom.so.0.1.0 sha256=eba5b40dd5cd9c156a3d4eb9a1fdb0da96e0d5beaa668bdeb51694ce67364ad2,benchmarks/evidence/issue-13/2026-08-09-node3-pr231/xtbloom-cpu-cold.csv,826134174fd11268de0ddb9a5753ec76df30e25da4e7d4795f40139348b43e0d,benchmarks/evidence/issue-13/2026-08-09-node3-pr231/README.md,401125f8e1ca89aceca982a427581fb7b90d5ff9f50596a64592fd581d18c25e,node3,AMD EPYC 7K62 48-Core Processor,NVIDIA GeForce RTX 5090,GPU-8e9c9e1a-e183-258c-0b3a-03a5ddebb2f8,580.95.05,cross-engine-gfn2-force-v1
1,cold,xtbloom-cpu,242,1,cold,cold,242,16,0,available,607.66971,607.6494816666667,607.488192,607.790543,607.790543,1.6456308148056285,pass,pass,9.379164112033322e-13,4.411529569582883e-06,2026-08-09,c9c0a432947f122d25cb91d0a4624af0a3e761ad,libxtbloom.so.0.1.0 sha256=eba5b40dd5cd9c156a3d4eb9a1fdb0da96e0d5beaa668bdeb51694ce67364ad2,benchmarks/evidence/issue-13/2026-08-09-node3-pr231/xtbloom-cpu-cold.csv,826134174fd11268de0ddb9a5753ec76df30e25da4e7d4795f40139348b43e0d,benchmarks/evidence/issue-13/2026-08-09-node3-pr231/README.md,401125f8e1ca89aceca982a427581fb7b90d5ff9f50596a64592fd581d18c25e,node3,AMD EPYC 7K62 48-Core Processor,NVIDIA GeForce RTX 5090,GPU-8e9c9e1a-e183-258c-0b3a-03a5ddebb2f8,580.95.05,cross-engine-gfn2-force-v1
1,cold,xtbloom-cpu,362,1,cold,cold,362,16,0,available,1612.962941,1613.2736453333334,1612.128324,1614.7296709999998,1614.7296709999998,0.6199770463294234,pass,pass,1.4097167877480388e-11,4.640837256764661e-06,2026-08-09,c9c0a432947f122d25cb91d0a4624af0a3e761ad,libxtbloom.so.0.1.0 sha256=eba5b40dd5cd9c156a3d4eb9a1fdb0da96e0d5beaa668bdeb51694ce67364ad2,benchmarks/evidence/issue-13/2026-08-09-node3-pr231/xtbloom-cpu-cold.csv,826134174fd11268de0ddb9a5753ec76df30e25da4e7d4795f40139348b43e0d,benchmarks/evidence/issue-13/2026-08-09-node3-pr231/README.md,401125f8e1ca89aceca982a427581fb7b90d5ff9f50596a64592fd581d18c25e,node3,AMD EPYC 7K62 48-Core Processor,NVIDIA GeForce RTX 5090,GPU-8e9c9e1a-e183-258c-0b3a-03a5ddebb2f8,580.95.05,cross-engine-gfn2-force-v1
1,cold,xtbloom-cuda,14,1,cold,cold,14,16,0,available,13.826124,14.840486333333331,13.294011999999999,17.401322999999998,17.401322999999998,72.32685024378488,pass,pass,4.06943811981364e-10,4.353963344460102e-06,2026-08-20,af65028c5dddc1a3aad3ffc554f0b7dba121a2fe,libxtbloom.so.0.2.0 sha256=6a0c81f844bda7814e450cbc716e5cc9f773377b6e79b4d3efd8c37ef1511b95; CUDA 12.9.86 sm_120,benchmarks/evidence/issue-459/2026-08-20-node3/xtbloom-cuda-cold.csv,b1d5483f25b03e3e338bb8f1fb6f9e251d922f8c98a05226dc5f58e8965e764b,benchmarks/evidence/issue-459/2026-08-20-node3/README.md,9b9626f0481b8b72c12c5f5bfc95ed3a3d49e6d31301d403edb0dd1256e852f5,node3,AMD EPYC 7K62 48-Core Processor,NVIDIA GeForce RTX 5090,GPU-8e9c9e1a-e183-258c-0b3a-03a5ddebb2f8,580.95.05,cross-engine-gfn2-force-v1
1,cold,xtbloom-cuda,32,1,cold,cold,32,16,0,available,32.921962,32.926711000000005,32.914347,32.943824,32.943824,30.374860404735294,pass,pass,1.9547030660760356e-10,3.6201510561872756e-06,2026-08-20,af65028c5dddc1a3aad3ffc554f0b7dba121a2fe,libxtbloom.so.0.2.0 sha256=6a0c81f844bda7814e450cbc716e5cc9f773377b6e79b4d3efd8c37ef1511b95; CUDA 12.9.86 sm_120,benchmarks/evidence/issue-459/2026-08-20-node3/xtbloom-cuda-cold.csv,b1d5483f25b03e3e338bb8f1fb6f9e251d922f8c98a05226dc5f58e8965e764b,benchmarks/evidence/issue-459/2026-08-20-node3/README.md,9b9626f0481b8b72c12c5f5bfc95ed3a3d49e6d31301d403edb0dd1256e852f5,node3,AMD EPYC 7K62 48-Core Processor,NVIDIA GeForce RTX 5090,GPU-8e9c9e1a-e183-258c-0b3a-03a5ddebb2f8,580.95.05,cross-engine-gfn2-force-v1
1,cold,xtbloom-cuda,62,1,cold,cold,62,16,0,available,56.906914,57.10632999999999,56.876956,57.53512,57.53512,17.572557176444324,pass,pass,0.0,3.627982580068983e-06,2026-08-20,af65028c5dddc1a3aad3ffc554f0b7dba121a2fe,libxtbloom.so.0.2.0 sha256=6a0c81f844bda7814e450cbc716e5cc9f773377b6e79b4d3efd8c37ef1511b95; CUDA 12.9.86 sm_120,benchmarks/evidence/issue-459/2026-08-20-node3/xtbloom-cuda-cold.csv,b1d5483f25b03e3e338bb8f1fb6f9e251d922f8c98a05226dc5f58e8965e764b,benchmarks/evidence/issue-459/2026-08-20-node3/README.md,9b9626f0481b8b72c12c5f5bfc95ed3a3d49e6d31301d403edb0dd1256e852f5,node3,AMD EPYC 7K62 48-Core Processor,NVIDIA GeForce RTX 5090,GPU-8e9c9e1a-e183-258c-0b3a-03a5ddebb2f8,580.95.05,cross-engine-gfn2-force-v1
1,cold,xtbloom-cuda,122,1,cold,cold,122,16,0,available,109.72931899999999,109.724172,109.69998199999999,109.74321499999999,109.74321499999999,9.113334604765022,pass,pass,1.4210854715202004e-14,4.058778356123892e-06,2026-08-20,af65028c5dddc1a3aad3ffc554f0b7dba121a2fe,libxtbloom.so.0.2.0 sha256=6a0c81f844bda7814e450cbc716e5cc9f773377b6e79b4d3efd8c37ef1511b95; CUDA 12.9.86 sm_120,benchmarks/evidence/issue-459/2026-08-20-node3/xtbloom-cuda-cold.csv,b1d5483f25b03e3e338bb8f1fb6f9e251d922f8c98a05226dc5f58e8965e764b,benchmarks/evidence/issue-459/2026-08-20-node3/README.md,9b9626f0481b8b72c12c5f5bfc95ed3a3d49e6d31301d403edb0dd1256e852f5,node3,AMD EPYC 7K62 48-Core Processor,NVIDIA GeForce RTX 5090,GPU-8e9c9e1a-e183-258c-0b3a-03a5ddebb2f8,580.95.05,cross-engine-gfn2-force-v1
1,cold,xtbloom-cuda,242,1,cold,cold,242,16,0,available,252.97901499999998,252.96263066666666,252.792699,253.116178,253.116178,3.952897041677548,pass,pass,1.1368683772161603e-13,4.4115295700579535e-06,2026-08-20,af65028c5dddc1a3aad3ffc554f0b7dba121a2fe,libxtbloom.so.0.2.0 sha256=6a0c81f844bda7814e450cbc716e5cc9f773377b6e79b4d3efd8c37ef1511b95; CUDA 12.9.86 sm_120,benchmarks/evidence/issue-459/2026-08-20-node3/xtbloom-cuda-cold.csv,b1d5483f25b03e3e338bb8f1fb6f9e251d922f8c98a05226dc5f58e8965e764b,benchmarks/evidence/issue-459/2026-08-20-node3/README.md,9b9626f0481b8b72c12c5f5bfc95ed3a3d49e6d31301d403edb0dd1256e852f5,node3,AMD EPYC 7K62 48-Core Processor,NVIDIA GeForce RTX 5090,GPU-8e9c9e1a-e183-258c-0b3a-03a5ddebb2f8,580.95.05,cross-engine-gfn2-force-v1
1,cold,xtbloom-cuda,362,1,cold,cold,362,16,0,available,620.348806,620.3092636666667,619.475783,621.103202,621.103202,1.6119963322698811,pass,pass,2.2737367544323206e-13,4.640838200615358e-06,2026-08-20,af65028c5dddc1a3aad3ffc554f0b7dba121a2fe,libxtbloom.so.0.2.0 sha256=6a0c81f844bda7814e450cbc716e5cc9f773377b6e79b4d3efd8c37ef1511b95; CUDA 12.9.86 sm_120,benchmarks/evidence/issue-459/2026-08-20-node3/xtbloom-cuda-cold.csv,b1d5483f25b03e3e338bb8f1fb6f9e251d922f8c98a05226dc5f58e8965e764b,benchmarks/evidence/issue-459/2026-08-20-node3/README.md,9b9626f0481b8b72c12c5f5bfc95ed3a3d49e6d31301d403edb0dd1256e852f5,node3,AMD EPYC 7K62 48-Core Processor,NVIDIA GeForce RTX 5090,GPU-8e9c9e1a-e183-258c-0b3a-03a5ddebb2f8,580.95.05,cross-engine-gfn2-force-v1
1,cold,xtb,14,1,cold,cold,14,16,0,available,3.400032,3.359868666666667,3.0574459999999997,3.622128,3.622128,294.11487891878664,pass,pass,7.057808559807199e-09,1.3270748124797477e-06,2026-08-09,b31754bf3c7cccf8c242c469b03ae675e04bd608,xTB 6.7.1 libxtb.so sha256=959ed711f85f3c84e5e9dffd15e1b49dfae1bd46783f544ce8756b5e148094dd,benchmarks/evidence/issue-13/2026-08-09-node3-pr231/xtb-cold.csv,54992990c28b98c6a043fe4bdab8c6fe9e73c678cead0ddab60ee1787e0e2ee4,benchmarks/evidence/issue-13/2026-08-09-node3-pr231/README.md,401125f8e1ca89aceca982a427581fb7b90d5ff9f50596a64592fd581d18c25e,node3,AMD EPYC 7K62 48-Core Processor,NVIDIA GeForce RTX 5090,GPU-8e9c9e1a-e183-258c-0b3a-03a5ddebb2f8,580.95.05,cross-engine-gfn2-force-v1
1,cold,xtb,32,1,cold,cold,32,16,0,available,7.242261999999999,7.266354333333333,7.230188,7.326613,7.326613,138.07840699494164,pass,pass,1.794987980474616e-08,1.0434647398872496e-06,2026-08-09,b31754bf3c7cccf8c242c469b03ae675e04bd608,xTB 6.7.1 libxtb.so sha256=959ed711f85f3c84e5e9dffd15e1b49dfae1bd46783f544ce8756b5e148094dd,benchmarks/evidence/issue-13/2026-08-09-node3-pr231/xtb-cold.csv,54992990c28b98c6a043fe4bdab8c6fe9e73c678cead0ddab60ee1787e0e2ee4,benchmarks/evidence/issue-13/2026-08-09-node3-pr231/README.md,401125f8e1ca89aceca982a427581fb7b90d5ff9f50596a64592fd581d18c25e,node3,AMD EPYC 7K62 48-Core Processor,NVIDIA GeForce RTX 5090,GPU-8e9c9e1a-e183-258c-0b3a-03a5ddebb2f8,580.95.05,cross-engine-gfn2-force-v1
1,cold,xtb,62,1,cold,cold,62,16,0,available,21.832076,21.943563333333334,21.784775999999997,22.213838,22.213838,45.80416447799101,pass,pass,1.0911491315823696e-05,2.3702406626146394e-06,2026-08-09,b31754bf3c7cccf8c242c469b03ae675e04bd608,xTB 6.7.1 libxtb.so sha256=959ed711f85f3c84e5e9dffd15e1b49dfae1bd46783f544ce8756b5e148094dd,benchmarks/evidence/issue-13/2026-08-09-node3-pr231/xtb-cold.csv,54992990c28b98c6a043fe4bdab8c6fe9e73c678cead0ddab60ee1787e0e2ee4,benchmarks/evidence/issue-13/2026-08-09-node3-pr231/README.md,401125f8e1ca89aceca982a427581fb7b90d5ff9f50596a64592fd581d18c25e,node3,AMD EPYC 7K62 48-Core Processor,NVIDIA GeForce RTX 5090,GPU-8e9c9e1a-e183-258c-0b3a-03a5ddebb2f8,580.95.05,cross-engine-gfn2-force-v1
1,cold,xtb,122,1,cold,cold,122,16,0,available,87.33876599999999,87.91595466666666,86.84491899999999,89.564179,89.564179,11.449669440028499,pass,pass,3.611415951354502e-05,2.363464426901468e-06,2026-08-09,b31754bf3c7cccf8c242c469b03ae675e04bd608,xTB 6.7.1 libxtb.so sha256=959ed711f85f3c84e5e9dffd15e1b49dfae1bd46783f544ce8756b5e148094dd,benchmarks/evidence/issue-13/2026-08-09-node3-pr231/xtb-cold.csv,54992990c28b98c6a043fe4bdab8c6fe9e73c678cead0ddab60ee1787e0e2ee4,benchmarks/evidence/issue-13/2026-08-09-node3-pr231/README.md,401125f8e1ca89aceca982a427581fb7b90d5ff9f50596a64592fd581d18c25e,node3,AMD EPYC 7K62 48-Core Processor,NVIDIA GeForce RTX 5090,GPU-8e9c9e1a-e183-258c-0b3a-03a5ddebb2f8,580.95.05,cross-engine-gfn2-force-v1
1,cold,xtb,242,1,cold,cold,242,16,0,available,449.54386999999997,449.5282066666666,448.22294,450.81780999999995,450.81780999999995,2.2244770015438093,pass,pass,8.684780365797451e-05,2.4542125954191206e-06,2026-08-09,b31754bf3c7cccf8c242c469b03ae675e04bd608,xTB 6.7.1 libxtb.so sha256=959ed711f85f3c84e5e9dffd15e1b49dfae1bd46783f544ce8756b5e148094dd,benchmarks/evidence/issue-13/2026-08-09-node3-pr231/xtb-cold.csv,54992990c28b98c6a043fe4bdab8c6fe9e73c678cead0ddab60ee1787e0e2ee4,benchmarks/evidence/issue-13/2026-08-09-node3-pr231/README.md,401125f8e1ca89aceca982a427581fb7b90d5ff9f50596a64592fd581d18c25e,node3,AMD EPYC 7K62 48-Core Processor,NVIDIA GeForce RTX 5090,GPU-8e9c9e1a-e183-258c-0b3a-03a5ddebb2f8,580.95.05,cross-engine-gfn2-force-v1
1,cold,xtb,362,1,cold,cold,362,16,0,available,1194.935321,1211.696552,1191.627454,1248.526881,1248.526881,0.836865378758019,pass,pass,0.00013808375467760925,2.7802393898020052e-06,2026-08-09,b31754bf3c7cccf8c242c469b03ae675e04bd608,xTB 6.7.1 libxtb.so sha256=959ed711f85f3c84e5e9dffd15e1b49dfae1bd46783f544ce8756b5e148094dd,benchmarks/evidence/issue-13/2026-08-09-node3-pr231/xtb-cold.csv,54992990c28b98c6a043fe4bdab8c6fe9e73c678cead0ddab60ee1787e0e2ee4,benchmarks/evidence/issue-13/2026-08-09-node3-pr231/README.md,401125f8e1ca89aceca982a427581fb7b90d5ff9f50596a64592fd581d18c25e,node3,AMD EPYC 7K62 48-Core Processor,NVIDIA GeForce RTX 5090,GPU-8e9c9e1a-e183-258c-0b3a-03a5ddebb2f8,580.95.05,cross-engine-gfn2-force-v1
1,cold,tblite,14,1,cold,cold,14,16,0,available,4.285601,4.2638826666666665,4.177824,4.3282229999999995,4.3282229999999995,233.33950127415036,pass,reference,,,2026-08-09,133f91efb94b47f05848e1f86832f40a1accc385,tblite 0.7.0 libtblite.so sha256=1c2fb4308b398851580af11ccad5eec22314ff45a34a553380277e776a44c3b5,benchmarks/evidence/issue-13/2026-08-09-node3-pr231/ref-tblite-cold.csv,89f3104df3800f7b3b3c2fc61e0d9f09a17a0ba66371955963a7dc685e2a8bfe,benchmarks/evidence/issue-13/2026-08-09-node3-pr231/README.md,,node3,AMD EPYC 7K62 48-Core Processor,NVIDIA GeForce RTX 5090,GPU-8e9c9e1a-e183-258c-0b3a-03a5ddebb2f8,580.95.05,cross-engine-gfn2-force-v1
1,cold,tblite,32,1,cold,cold,32,16,0,available,12.477936999999999,13.194099,12.39612,14.70824,14.70824,80.14145286997362,pass,reference,,,2026-08-09,133f91efb94b47f05848e1f86832f40a1accc385,tblite 0.7.0 libtblite.so sha256=1c2fb4308b398851580af11ccad5eec22314ff45a34a553380277e776a44c3b5,benchmarks/evidence/issue-13/2026-08-09-node3-pr231/ref-tblite-cold.csv,89f3104df3800f7b3b3c2fc61e0d9f09a17a0ba66371955963a7dc685e2a8bfe,benchmarks/evidence/issue-13/2026-08-09-node3-pr231/README.md,,node3,AMD EPYC 7K62 48-Core Processor,NVIDIA GeForce RTX 5090,GPU-8e9c9e1a-e183-258c-0b3a-03a5ddebb2f8,580.95.05,cross-engine-gfn2-force-v1
1,cold,tblite,62,1,cold,cold,62,16,0,available,24.917561,24.908627,24.857646,24.950674,24.950674,40.13233879511723,pass,reference,,,2026-08-09,133f91efb94b47f05848e1f86832f40a1accc385,tblite 0.7.0 libtblite.so sha256=1c2fb4308b398851580af11ccad5eec22314ff45a34a553380277e776a44c3b5,benchmarks/evidence/issue-13/2026-08-09-node3-pr231/ref-tblite-cold.csv,89f3104df3800f7b3b3c2fc61e0d9f09a17a0ba66371955963a7dc685e2a8bfe,benchmarks/evidence/issue-13/2026-08-09-node3-pr231/README.md,,node3,AMD EPYC 7K62 48-Core Processor,NVIDIA GeForce RTX 5090,GPU-8e9c9e1a-e183-258c-0b3a-03a5ddebb2f8,580.95.05,cross-engine-gfn2-force-v1
1,cold,tblite,122,1,cold,cold,122,16,0,available,100.470907,99.99827499999999,98.96639499999999,100.55752299999999,100.55752299999999,9.953130014044763,pass,reference,,,2026-08-09,133f91efb94b47f05848e1f86832f40a1accc385,tblite 0.7.0 libtblite.so sha256=1c2fb4308b398851580af11ccad5eec22314ff45a34a553380277e776a44c3b5,benchmarks/evidence/issue-13/2026-08-09-node3-pr231/ref-tblite-cold.csv,89f3104df3800f7b3b3c2fc61e0d9f09a17a0ba66371955963a7dc685e2a8bfe,benchmarks/evidence/issue-13/2026-08-09-node3-pr231/README.md,,node3,AMD EPYC 7K62 48-Core Processor,NVIDIA GeForce RTX 5090,GPU-8e9c9e1a-e183-258c-0b3a-03a5ddebb2f8,580.95.05,cross-engine-gfn2-force-v1
1,cold,tblite,242,1,cold,cold,242,16,0,available,469.164222,466.771438,460.682432,470.46765999999997,470.46765999999997,2.131449827391143,pass,reference,,,2026-08-09,133f91efb94b47f05848e1f86832f40a1accc385,tblite 0.7.0 libtblite.so sha256=1c2fb4308b398851580af11ccad5eec22314ff45a34a553380277e776a44c3b5,benchmarks/evidence/issue-13/2026-08-09-node3-pr231/ref-tblite-cold.csv,89f3104df3800f7b3b3c2fc61e0d9f09a17a0ba66371955963a7dc685e2a8bfe,benchmarks/evidence/issue-13/2026-08-09-node3-pr231/README.md,,node3,AMD EPYC 7K62 48-Core Processor,NVIDIA GeForce RTX 5090,GPU-8e9c9e1a-e183-258c-0b3a-03a5ddebb2f8,580.95.05,cross-engine-gfn2-force-v1
1,cold,tblite,362,1,cold,cold,362,16,0,available,1389.2303729999999,1364.8966216666665,1299.620604,1405.838888,1405.838888,0.7198230181510724,pass,reference,,,2026-08-09,133f91efb94b47f05848e1f86832f40a1accc385,tblite 0.7.0 libtblite.so sha256=1c2fb4308b398851580af11ccad5eec22314ff45a34a553380277e776a44c3b5,benchmarks/evidence/issue-13/2026-08-09-node3-pr231/ref-tblite-cold.csv,89f3104df3800f7b3b3c2fc61e0d9f09a17a0ba66371955963a7dc685e2a8bfe,benchmarks/evidence/issue-13/2026-08-09-node3-pr231/README.md,,node3,AMD EPYC 7K62 48-Core Processor,NVIDIA GeForce RTX 5090,GPU-8e9c9e1a-e183-258c-0b3a-03a5ddebb2f8,580.95.05,cross-engine-gfn2-force-v1
1,cold,dxtb-cpu,14,1,cold,cold,14,16,0,available,147.155714,147.903607,146.39936699999998,150.15573999999998,150.15573999999998,6.7955227345096505,pass,pass,4.942262492590999e-07,1.452471581655547e-06,2026-08-09,b529b5ddb75c0554274955082a189f9f88437cb2,dxtb 0.4.0; PyTorch 2.13.0; tad-libcint 0.3.0,benchmarks/evidence/issue-13/2026-08-09-node3-pr231/dxtb-cpu-cold.csv,32f3c344f30c204b8099de9cdb2b6d209e20a02ccf729e14ee3ccece4e78d562,benchmarks/evidence/issue-13/2026-08-09-node3-pr231/README.md,401125f8e1ca89aceca982a427581fb7b90d5ff9f50596a64592fd581d18c25e,node3,AMD EPYC 7K62 48-Core Processor,NVIDIA GeForce RTX 5090,GPU-8e9c9e1a-e183-258c-0b3a-03a5ddebb2f8,580.95.05,cross-engine-gfn2-force-v1
1,cold,dxtb-cpu,32,1,cold,cold,32,16,0,available,199.96740799999998,199.70527233333334,198.425003,200.72340599999998,200.72340599999998,5.0008149328014495,pass,pass,1.1807705249111677e-06,6.179574565863023e-07,2026-08-09,b529b5ddb75c0554274955082a189f9f88437cb2,dxtb 0.4.0; PyTorch 2.13.0; tad-libcint 0.3.0,benchmarks/evidence/issue-13/2026-08-09-node3-pr231/dxtb-cpu-cold.csv,32f3c344f30c204b8099de9cdb2b6d209e20a02ccf729e14ee3ccece4e78d562,benchmarks/evidence/issue-13/2026-08-09-node3-pr231/README.md,401125f8e1ca89aceca982a427581fb7b90d5ff9f50596a64592fd581d18c25e,node3,AMD EPYC 7K62 48-Core Processor,NVIDIA GeForce RTX 5090,GPU-8e9c9e1a-e183-258c-0b3a-03a5ddebb2f8,580.95.05,cross-engine-gfn2-force-v1
1,cold,dxtb-cpu,62,1,cold,cold,62,16,0,available,328.365845,329.93757566666665,325.892939,335.553943,335.553943,3.045383724363903,pass,pass,8.721584947579686e-06,2.1736576085555626e-06,2026-08-09,b529b5ddb75c0554274955082a189f9f88437cb2,dxtb 0.4.0; PyTorch 2.13.0; tad-libcint 0.3.0,benchmarks/evidence/issue-13/2026-08-09-node3-pr231/dxtb-cpu-cold.csv,32f3c344f30c204b8099de9cdb2b6d209e20a02ccf729e14ee3ccece4e78d562,benchmarks/evidence/issue-13/2026-08-09-node3-pr231/README.md,401125f8e1ca89aceca982a427581fb7b90d5ff9f50596a64592fd581d18c25e,node3,AMD EPYC 7K62 48-Core Processor,NVIDIA GeForce RTX 5090,GPU-8e9c9e1a-e183-258c-0b3a-03a5ddebb2f8,580.95.05,cross-engine-gfn2-force-v1
1,cold,dxtb-cpu,122,1,cold,cold,122,16,0,available,750.878242,746.6209480000001,737.771518,751.213084,751.213084,1.3317738403718455,pass,pass,3.239031023838379e-05,2.102277182219805e-06,2026-08-09,b529b5ddb75c0554274955082a189f9f88437cb2,dxtb 0.4.0; PyTorch 2.13.0; tad-libcint 0.3.0,benchmarks/evidence/issue-13/2026-08-09-node3-pr231/dxtb-cpu-cold.csv,32f3c344f30c204b8099de9cdb2b6d209e20a02ccf729e14ee3ccece4e78d562,benchmarks/evidence/issue-13/2026-08-09-node3-pr231/README.md,401125f8e1ca89aceca982a427581fb7b90d5ff9f50596a64592fd581d18c25e,node3,AMD EPYC 7K62 48-Core Processor,NVIDIA GeForce RTX 5090,GPU-8e9c9e1a-e183-258c-0b3a-03a5ddebb2f8,580.95.05,cross-engine-gfn2-force-v1
1,cold,dxtb-cpu,242,1,cold,cold,242,16,0,available,3474.476956,3482.9865996666667,3461.256042,3513.226801,3513.226801,0.2878131047244741,pass,pass,7.97921214825692e-05,2.0850885654837004e-06,2026-08-09,b529b5ddb75c0554274955082a189f9f88437cb2,dxtb 0.4.0; PyTorch 2.13.0; tad-libcint 0.3.0,benchmarks/evidence/issue-13/2026-08-09-node3-pr231/dxtb-cpu-cold.csv,32f3c344f30c204b8099de9cdb2b6d209e20a02ccf729e14ee3ccece4e78d562,benchmarks/evidence/issue-13/2026-08-09-node3-pr231/README.md,401125f8e1ca89aceca982a427581fb7b90d5ff9f50596a64592fd581d18c25e,node3,AMD EPYC 7K62 48-Core Processor,NVIDIA GeForce RTX 5090,GPU-8e9c9e1a-e183-258c-0b3a-03a5ddebb2f8,580.95.05,cross-engine-gfn2-force-v1
1,cold,dxtb-cpu,362,1,cold,cold,362,16,0,available,8939.076944,8926.161794333333,8858.970609,8980.437829999999,8980.437829999999,0.1118683736883158,pass,pass,0.00012719393720317385,2.0960605877466676e-06,2026-08-09,b529b5ddb75c0554274955082a189f9f88437cb2,dxtb 0.4.0; PyTorch 2.13.0; tad-libcint 0.3.0,benchmarks/evidence/issue-13/2026-08-09-node3-pr231/dxtb-cpu-cold.csv,32f3c344f30c204b8099de9cdb2b6d209e20a02ccf729e14ee3ccece4e78d562,benchmarks/evidence/issue-13/2026-08-09-node3-pr231/README.md,401125f8e1ca89aceca982a427581fb7b90d5ff9f50596a64592fd581d18c25e,node3,AMD EPYC 7K62 48-Core Processor,NVIDIA GeForce RTX 5090,GPU-8e9c9e1a-e183-258c-0b3a-03a5ddebb2f8,580.95.05,cross-engine-gfn2-force-v1
1,cold,dxtb-cuda,14,1,cold,cold,14,16,0,available,331.46390099999996,340.015155,330.94032699999997,357.641237,357.641237,3.0169197821635487,pass,pass,4.942262528118135e-07,1.4524715819886139e-06,2026-08-09,b529b5ddb75c0554274955082a189f9f88437cb2,dxtb 0.4.0; PyTorch 2.13.0+cu130; tad-libcint 0.3.0,benchmarks/evidence/issue-13/2026-08-09-node3-pr231/dxtb-cuda-cold.csv,779b997a7826f7fa01ddfbb4d7caa6c1f089c93519708039d197d630f2074326,benchmarks/evidence/issue-13/2026-08-09-node3-pr231/README.md,401125f8e1ca89aceca982a427581fb7b90d5ff9f50596a64592fd581d18c25e,node3,AMD EPYC 7K62 48-Core Processor,NVIDIA GeForce RTX 5090,GPU-8e9c9e1a-e183-258c-0b3a-03a5ddebb2f8,580.95.05,cross-engine-gfn2-force-v1
1,cold,dxtb-cuda,32,1,cold,cold,32,16,0,available,380.566054,384.80621233333335,376.22475,397.627833,397.627833,2.627664736487506,pass,pass,1.1807705178057404e-06,6.179574571119235e-07,2026-08-09,b529b5ddb75c0554274955082a189f9f88437cb2,dxtb 0.4.0; PyTorch 2.13.0+cu130; tad-libcint 0.3.0,benchmarks/evidence/issue-13/2026-08-09-node3-pr231/dxtb-cuda-cold.csv,779b997a7826f7fa01ddfbb4d7caa6c1f089c93519708039d197d630f2074326,benchmarks/evidence/issue-13/2026-08-09-node3-pr231/README.md,401125f8e1ca89aceca982a427581fb7b90d5ff9f50596a64592fd581d18c25e,node3,AMD EPYC 7K62 48-Core Processor,NVIDIA GeForce RTX 5090,GPU-8e9c9e1a-e183-258c-0b3a-03a5ddebb2f8,580.95.05,cross-engine-gfn2-force-v1
1,cold,dxtb-cuda,62,1,cold,cold,62,16,0,available,428.166864,437.0442963333333,426.968579,455.99744599999997,455.99744599999997,2.3355380438781457,pass,pass,8.721584947579686e-06,2.1736576086834984e-06,2026-08-09,b529b5ddb75c0554274955082a189f9f88437cb2,dxtb 0.4.0; PyTorch 2.13.0+cu130; tad-libcint 0.3.0,benchmarks/evidence/issue-13/2026-08-09-node3-pr231/dxtb-cuda-cold.csv,779b997a7826f7fa01ddfbb4d7caa6c1f089c93519708039d197d630f2074326,benchmarks/evidence/issue-13/2026-08-09-node3-pr231/README.md,401125f8e1ca89aceca982a427581fb7b90d5ff9f50596a64592fd581d18c25e,node3,AMD EPYC 7K62 48-Core Processor,NVIDIA GeForce RTX 5090,GPU-8e9c9e1a-e183-258c-0b3a-03a5ddebb2f8,580.95.05,cross-engine-gfn2-force-v1
1,cold,dxtb-cuda,122,1,cold,cold,122,16,0,available,496.25602399999997,521.3984613333333,490.99983599999996,576.939524,576.939524,2.0150888888756344,pass,pass,3.2390310224172936e-05,2.10227718420216e-06,2026-08-09,b529b5ddb75c0554274955082a189f9f88437cb2,dxtb 0.4.0; PyTorch 2.13.0+cu130; tad-libcint 0.3.0,benchmarks/evidence/issue-13/2026-08-09-node3-pr231/dxtb-cuda-cold.csv,779b997a7826f7fa01ddfbb4d7caa6c1f089c93519708039d197d630f2074326,benchmarks/evidence/issue-13/2026-08-09-node3-pr231/README.md,401125f8e1ca89aceca982a427581fb7b90d5ff9f50596a64592fd581d18c25e,node3,AMD EPYC 7K62 48-Core Processor,NVIDIA GeForce RTX 5090,GPU-8e9c9e1a-e183-258c-0b3a-03a5ddebb2f8,580.95.05,cross-engine-gfn2-force-v1
1,cold,dxtb-cuda,242,1,cold,cold,242,16,0,available,744.6651959999999,747.6178209999999,741.061503,757.126764,757.126764,1.3428853736840953,pass,pass,7.979212136888236e-05,2.0850885717252354e-06,2026-08-09,b529b5ddb75c0554274955082a189f9f88437cb2,dxtb 0.4.0; PyTorch 2.13.0+cu130; tad-libcint 0.3.0,benchmarks/evidence/issue-13/2026-08-09-node3-pr231/dxtb-cuda-cold.csv,779b997a7826f7fa01ddfbb4d7caa6c1f089c93519708039d197d630f2074326,benchmarks/evidence/issue-13/2026-08-09-node3-pr231/README.md,401125f8e1ca89aceca982a427581fb7b90d5ff9f50596a64592fd581d18c25e,node3,AMD EPYC 7K62 48-Core Processor,NVIDIA GeForce RTX 5090,GPU-8e9c9e1a-e183-258c-0b3a-03a5ddebb2f8,580.95.05,cross-engine-gfn2-force-v1
1,cold,dxtb-cuda,362,1,cold,cold,362,16,0,available,1214.936886,1216.2536746666667,1210.149596,1223.674542,1223.674542,0.8230880233559721,pass,pass,0.0001271939370326436,2.096060597537447e-06,2026-08-09,b529b5ddb75c0554274955082a189f9f88437cb2,dxtb 0.4.0; PyTorch 2.13.0+cu130; tad-libcint 0.3.0,benchmarks/evidence/issue-13/2026-08-09-node3-pr231/dxtb-cuda-cold.csv,779b997a7826f7fa01ddfbb4d7caa6c1f089c93519708039d197d630f2074326,benchmarks/evidence/issue-13/2026-08-09-node3-pr231/README.md,401125f8e1ca89aceca982a427581fb7b90d5ff9f50596a64592fd581d18c25e,node3,AMD EPYC 7K62 48-Core Processor,NVIDIA GeForce RTX 5090,GPU-8e9c9e1a-e183-258c-0b3a-03a5ddebb2f8,580.95.05,cross-engine-gfn2-force-v1
1,b128,xtbloom-cpu,14,128,auto-warm,auto-warm,1792,16,0,available,16.875961999999998,17.873486,16.280091,20.464405,20.464405,7584.7527980923405,pass,pass,2.130329690430699e-09,5.380504505294453e-06,2026-08-09,c9c0a432947f122d25cb91d0a4624af0a3e761ad,libxtbloom.so.0.1.0 sha256=eba5b40dd5cd9c156a3d4eb9a1fdb0da96e0d5beaa668bdeb51694ce67364ad2,benchmarks/evidence/issue-13/2026-08-09-node3-pr231/xtbloom-cpu-b128.csv,2ffd2874ca30364cab2877742c419d9d655fa122fb56bb13af1911980d1fb404,benchmarks/evidence/issue-13/2026-08-09-node3-pr231/README.md,e7a3d61ff6151bfa5f14d89a0c048f199035ee844a658bfe87fc9d39e35a8532,node3,AMD EPYC 7K62 48-Core Processor,NVIDIA GeForce RTX 5090,GPU-8e9c9e1a-e183-258c-0b3a-03a5ddebb2f8,580.95.05,cross-engine-gfn2-force-v1
1,b128,xtbloom-cpu,32,128,auto-warm,auto-warm,4096,16,0,available,52.282154999999996,52.23845433333333,52.135813999999996,52.297394,52.297394,2448.2540935812613,pass,pass,1.1417448320116819e-08,1.19242284990842e-05,2026-08-09,c9c0a432947f122d25cb91d0a4624af0a3e761ad,libxtbloom.so.0.1.0 sha256=eba5b40dd5cd9c156a3d4eb9a1fdb0da96e0d5beaa668bdeb51694ce67364ad2,benchmarks/evidence/issue-13/2026-08-09-node3-pr231/xtbloom-cpu-b128.csv,2ffd2874ca30364cab2877742c419d9d655fa122fb56bb13af1911980d1fb404,benchmarks/evidence/issue-13/2026-08-09-node3-pr231/README.md,e7a3d61ff6151bfa5f14d89a0c048f199035ee844a658bfe87fc9d39e35a8532,node3,AMD EPYC 7K62 48-Core Processor,NVIDIA GeForce RTX 5090,GPU-8e9c9e1a-e183-258c-0b3a-03a5ddebb2f8,580.95.05,cross-engine-gfn2-force-v1
1,b128,xtbloom-cpu,62,128,auto-warm,auto-warm,7936,16,0,available,181.69337299999998,181.26767099999998,180.07609599999998,182.03354399999998,182.03354399999998,704.4835917048005,pass,pass,3.713678893291217e-07,9.653974808409432e-06,2026-08-09,c9c0a432947f122d25cb91d0a4624af0a3e761ad,libxtbloom.so.0.1.0 sha256=eba5b40dd5cd9c156a3d4eb9a1fdb0da96e0d5beaa668bdeb51694ce67364ad2,benchmarks/evidence/issue-13/2026-08-09-node3-pr231/xtbloom-cpu-b128.csv,2ffd2874ca30364cab2877742c419d9d655fa122fb56bb13af1911980d1fb404,benchmarks/evidence/issue-13/2026-08-09-node3-pr231/README.md,e7a3d61ff6151bfa5f14d89a0c048f199035ee844a658bfe87fc9d39e35a8532,node3,AMD EPYC 7K62 48-Core Processor,NVIDIA GeForce RTX 5090,GPU-8e9c9e1a-e183-258c-0b3a-03a5ddebb2f8,580.95.05,cross-engine-gfn2-force-v1
1,b128,xtbloom-cpu,122,128,auto-warm,auto-warm,15616,16,0,available,682.282558,680.8109296666667,676.758619,683.391612,683.391612,187.60555798936312,pass,pass,2.531632929958505e-07,1.0186899545499423e-05,2026-08-09,c9c0a432947f122d25cb91d0a4624af0a3e761ad,libxtbloom.so.0.1.0 sha256=eba5b40dd5cd9c156a3d4eb9a1fdb0da96e0d5beaa668bdeb51694ce67364ad2,benchmarks/evidence/issue-13/2026-08-09-node3-pr231/xtbloom-cpu-b128.csv,2ffd2874ca30364cab2877742c419d9d655fa122fb56bb13af1911980d1fb404,benchmarks/evidence/issue-13/2026-08-09-node3-pr231/README.md,e7a3d61ff6151bfa5f14d89a0c048f199035ee844a658bfe87fc9d39e35a8532,node3,AMD EPYC 7K62 48-Core Processor,NVIDIA GeForce RTX 5090,GPU-8e9c9e1a-e183-258c-0b3a-03a5ddebb2f8,580.95.05,cross-engine-gfn2-force-v1
1,b128,xtbloom-cuda,14,128,auto-warm,auto-warm,1792,16,0,available,31.125356,31.116489666666666,31.094628,31.129485,31.129485,4112.402762557961,pass,pass,9.325873406851315e-12,4.196148326307547e-07,2026-08-20,af65028c5dddc1a3aad3ffc554f0b7dba121a2fe,libxtbloom.so.0.2.0 sha256=6a0c81f844bda7814e450cbc716e5cc9f773377b6e79b4d3efd8c37ef1511b95; CUDA 12.9.86 sm_120,benchmarks/evidence/issue-459/2026-08-20-node3/xtbloom-cuda-b128.csv,faf462164917fd70dad86d65cc659f220c8a1224fbb5921c9912a4621f154483,benchmarks/evidence/issue-459/2026-08-20-node3/README.md,b6997834c64a6d184c73a5b581894f2ed4f3a48e32ae736e09f274476f5dde4f,node3,AMD EPYC 7K62 48-Core Processor,NVIDIA GeForce RTX 5090,GPU-8e9c9e1a-e183-258c-0b3a-03a5ddebb2f8,580.95.05,cross-engine-gfn2-force-v1
1,b128,xtbloom-cuda,32,128,auto-warm,auto-warm,4096,16,0,available,61.433324,61.45146199999999,61.425658999999996,61.495402999999996,61.495402999999996,2083.5597305462425,pass,pass,3.198863396391971e-11,4.7599384064150874e-07,2026-08-20,af65028c5dddc1a3aad3ffc554f0b7dba121a2fe,libxtbloom.so.0.2.0 sha256=6a0c81f844bda7814e450cbc716e5cc9f773377b6e79b4d3efd8c37ef1511b95; CUDA 12.9.86 sm_120,benchmarks/evidence/issue-459/2026-08-20-node3/xtbloom-cuda-b128.csv,faf462164917fd70dad86d65cc659f220c8a1224fbb5921c9912a4621f154483,benchmarks/evidence/issue-459/2026-08-20-node3/README.md,b6997834c64a6d184c73a5b581894f2ed4f3a48e32ae736e09f274476f5dde4f,node3,AMD EPYC 7K62 48-Core Processor,NVIDIA GeForce RTX 5090,GPU-8e9c9e1a-e183-258c-0b3a-03a5ddebb2f8,580.95.05,cross-engine-gfn2-force-v1
1,b128,xtbloom-cuda,62,128,auto-warm,auto-warm,7936,16,0,available,181.181685,181.30321533333333,181.022449,181.705512,181.705512,706.4731735991969,pass,pass,3.7142994813166297e-07,9.836621386764138e-06,2026-08-20,af65028c5dddc1a3aad3ffc554f0b7dba121a2fe,libxtbloom.so.0.2.0 sha256=6a0c81f844bda7814e450cbc716e5cc9f773377b6e79b4d3efd8c37ef1511b95; CUDA 12.9.86 sm_120,benchmarks/evidence/issue-459/2026-08-20-node3/xtbloom-cuda-b128.csv,faf462164917fd70dad86d65cc659f220c8a1224fbb5921c9912a4621f154483,benchmarks/evidence/issue-459/2026-08-20-node3/README.md,b6997834c64a6d184c73a5b581894f2ed4f3a48e32ae736e09f274476f5dde4f,node3,AMD EPYC 7K62 48-Core Processor,NVIDIA GeForce RTX 5090,GPU-8e9c9e1a-e183-258c-0b3a-03a5ddebb2f8,580.95.05,cross-engine-gfn2-force-v1
1,b128,xtbloom-cuda,122,128,auto-warm,auto-warm,15616,16,0,available,628.970921,628.97509,628.467302,629.487047,629.487047,203.50702349878588,pass,pass,2.532050871195679e-07,1.0452300724234781e-05,2026-08-20,af65028c5dddc1a3aad3ffc554f0b7dba121a2fe,libxtbloom.so.0.2.0 sha256=6a0c81f844bda7814e450cbc716e5cc9f773377b6e79b4d3efd8c37ef1511b95; CUDA 12.9.86 sm_120,benchmarks/evidence/issue-459/2026-08-20-node3/xtbloom-cuda-b128.csv,faf462164917fd70dad86d65cc659f220c8a1224fbb5921c9912a4621f154483,benchmarks/evidence/issue-459/2026-08-20-node3/README.md,b6997834c64a6d184c73a5b581894f2ed4f3a48e32ae736e09f274476f5dde4f,node3,AMD EPYC 7K62 48-Core Processor,NVIDIA GeForce RTX 5090,GPU-8e9c9e1a-e183-258c-0b3a-03a5ddebb2f8,580.95.05,cross-engine-gfn2-force-v1
1,b128,xtb,14,128,auto-warm,auto-warm,1792,16,0,available,236.419053,236.618435,236.390298,237.045954,237.045954,541.4115248993912,pass,pass,7.283816216840933e-09,7.100872964453664e-08,2026-08-09,b31754bf3c7cccf8c242c469b03ae675e04bd608,xTB 6.7.1 libxtb.so sha256=959ed711f85f3c84e5e9dffd15e1b49dfae1bd46783f544ce8756b5e148094dd,benchmarks/evidence/issue-13/2026-08-09-node3-pr231/xtb-b128.csv,d8aec56d93fc8496f0ccb41b2fe0adba116f2c7e0c0be8d4a04b9a504d851112,benchmarks/evidence/issue-13/2026-08-09-node3-pr231/README.md,e7a3d61ff6151bfa5f14d89a0c048f199035ee844a658bfe87fc9d39e35a8532,node3,AMD EPYC 7K62 48-Core Processor,NVIDIA GeForce RTX 5090,GPU-8e9c9e1a-e183-258c-0b3a-03a5ddebb2f8,580.95.05,cross-engine-gfn2-force-v1
1,b128,xtb,32,128,auto-warm,auto-warm,4096,16,0,available,527.0825179999999,527.042016,526.7392189999999,527.304311,527.304311,242.84622545572648,pass,pass,1.8139772350878047e-08,9.247815360453188e-08,2026-08-09,b31754bf3c7cccf8c242c469b03ae675e04bd608,xTB 6.7.1 libxtb.so sha256=959ed711f85f3c84e5e9dffd15e1b49dfae1bd46783f544ce8756b5e148094dd,benchmarks/evidence/issue-13/2026-08-09-node3-pr231/xtb-b128.csv,d8aec56d93fc8496f0ccb41b2fe0adba116f2c7e0c0be8d4a04b9a504d851112,benchmarks/evidence/issue-13/2026-08-09-node3-pr231/README.md,e7a3d61ff6151bfa5f14d89a0c048f199035ee844a658bfe87fc9d39e35a8532,node3,AMD EPYC 7K62 48-Core Processor,NVIDIA GeForce RTX 5090,GPU-8e9c9e1a-e183-258c-0b3a-03a5ddebb2f8,580.95.05,cross-engine-gfn2-force-v1
1,b128,xtb,62,128,auto-warm,auto-warm,7936,16,0,available,1554.56047,1554.2855396666666,1552.687985,1555.608164,1555.608164,82.33838597478297,pass,pass,1.137367519277177e-05,9.902366305476404e-06,2026-08-09,b31754bf3c7cccf8c242c469b03ae675e04bd608,xTB 6.7.1 libxtb.so sha256=959ed711f85f3c84e5e9dffd15e1b49dfae1bd46783f544ce8756b5e148094dd,benchmarks/evidence/issue-13/2026-08-09-node3-pr231/xtb-b128.csv,d8aec56d93fc8496f0ccb41b2fe0adba116f2c7e0c0be8d4a04b9a504d851112,benchmarks/evidence/issue-13/2026-08-09-node3-pr231/README.md,e7a3d61ff6151bfa5f14d89a0c048f199035ee844a658bfe87fc9d39e35a8532,node3,AMD EPYC 7K62 48-Core Processor,NVIDIA GeForce RTX 5090,GPU-8e9c9e1a-e183-258c-0b3a-03a5ddebb2f8,580.95.05,cross-engine-gfn2-force-v1
1,b128,xtb,122,128,auto-warm,auto-warm,15616,16,0,available,6129.98779,6130.579548333332,6129.088425999999,6132.662429,6132.662429,20.880955131559894,pass,pass,3.675400262181938e-05,1.0952602292375532e-05,2026-08-09,b31754bf3c7cccf8c242c469b03ae675e04bd608,xTB 6.7.1 libxtb.so sha256=959ed711f85f3c84e5e9dffd15e1b49dfae1bd46783f544ce8756b5e148094dd,benchmarks/evidence/issue-13/2026-08-09-node3-pr231/xtb-b128.csv,d8aec56d93fc8496f0ccb41b2fe0adba116f2c7e0c0be8d4a04b9a504d851112,benchmarks/evidence/issue-13/2026-08-09-node3-pr231/README.md,e7a3d61ff6151bfa5f14d89a0c048f199035ee844a658bfe87fc9d39e35a8532,node3,AMD EPYC 7K62 48-Core Processor,NVIDIA GeForce RTX 5090,GPU-8e9c9e1a-e183-258c-0b3a-03a5ddebb2f8,580.95.05,cross-engine-gfn2-force-v1
1,b128,tblite,14,128,auto-warm,auto-warm,1792,16,0,available,152.118187,152.67657033333333,151.8117,154.09982399999998,154.09982399999998,841.450996257272,pass,reference,,,2026-08-09,133f91efb94b47f05848e1f86832f40a1accc385,tblite 0.7.0 libtblite.so sha256=1c2fb4308b398851580af11ccad5eec22314ff45a34a553380277e776a44c3b5,benchmarks/evidence/issue-13/2026-08-09-node3-pr231/ref-tblite-b128.csv,caba4dfc93cf68f640e28f78596db6f273bcf52a0955d3980764d5fb6a28ebdd,benchmarks/evidence/issue-13/2026-08-09-node3-pr231/README.md,,node3,AMD EPYC 7K62 48-Core Processor,NVIDIA GeForce RTX 5090,GPU-8e9c9e1a-e183-258c-0b3a-03a5ddebb2f8,580.95.05,cross-engine-gfn2-force-v1
1,b128,tblite,32,128,auto-warm,auto-warm,4096,16,0,available,476.013742,476.2687546666666,475.61483899999996,477.177683,477.177683,268.8997999557752,pass,reference,,,2026-08-09,133f91efb94b47f05848e1f86832f40a1accc385,tblite 0.7.0 libtblite.so sha256=1c2fb4308b398851580af11ccad5eec22314ff45a34a553380277e776a44c3b5,benchmarks/evidence/issue-13/2026-08-09-node3-pr231/ref-tblite-b128.csv,caba4dfc93cf68f640e28f78596db6f273bcf52a0955d3980764d5fb6a28ebdd,benchmarks/evidence/issue-13/2026-08-09-node3-pr231/README.md,,node3,AMD EPYC 7K62 48-Core Processor,NVIDIA GeForce RTX 5090,GPU-8e9c9e1a-e183-258c-0b3a-03a5ddebb2f8,580.95.05,cross-engine-gfn2-force-v1
1,b128,tblite,62,128,auto-warm,auto-warm,7936,16,0,available,1384.2285299999999,1381.4752323333332,1375.5030669999999,1384.6941,1384.6941,92.47028017837489,pass,reference,,,2026-08-09,133f91efb94b47f05848e1f86832f40a1accc385,tblite 0.7.0 libtblite.so sha256=1c2fb4308b398851580af11ccad5eec22314ff45a34a553380277e776a44c3b5,benchmarks/evidence/issue-13/2026-08-09-node3-pr231/ref-tblite-b128.csv,caba4dfc93cf68f640e28f78596db6f273bcf52a0955d3980764d5fb6a28ebdd,benchmarks/evidence/issue-13/2026-08-09-node3-pr231/README.md,,node3,AMD EPYC 7K62 48-Core Processor,NVIDIA GeForce RTX 5090,GPU-8e9c9e1a-e183-258c-0b3a-03a5ddebb2f8,580.95.05,cross-engine-gfn2-force-v1
1,b128,tblite,122,128,auto-warm,auto-warm,15616,16,0,available,4972.354631,4990.869831,4955.149039,5045.105823,5045.105823,25.74233124926121,pass,reference,,,2026-08-09,133f91efb94b47f05848e1f86832f40a1accc385,tblite 0.7.0 libtblite.so sha256=1c2fb4308b398851580af11ccad5eec22314ff45a34a553380277e776a44c3b5,benchmarks/evidence/issue-13/2026-08-09-node3-pr231/ref-tblite-b128.csv,caba4dfc93cf68f640e28f78596db6f273bcf52a0955d3980764d5fb6a28ebdd,benchmarks/evidence/issue-13/2026-08-09-node3-pr231/README.md,,node3,AMD EPYC 7K62 48-Core Processor,NVIDIA GeForce RTX 5090,GPU-8e9c9e1a-e183-258c-0b3a-03a5ddebb2f8,580.95.05,cross-engine-gfn2-force-v1
1,b128,dxtb-cpu,14,128,auto-warm,cold,1792,16,0,available,1355.3095349999999,1383.6055263333335,1334.82979,1460.677254,1460.677254,94.44337008962312,pass,pass,4.949616734251094e-07,8.848827223045808e-08,2026-08-09,b529b5ddb75c0554274955082a189f9f88437cb2,dxtb 0.4.0; PyTorch 2.13.0; tad-libcint 0.3.0,benchmarks/evidence/issue-13/2026-08-09-node3-pr231/dxtb-cpu-b128.csv,59c0d0610788c11eb476d3f15e150c750e85dc8e368deda04b9e4a750b7fc5f1,benchmarks/evidence/issue-13/2026-08-09-node3-pr231/README.md,e7a3d61ff6151bfa5f14d89a0c048f199035ee844a658bfe87fc9d39e35a8532,node3,AMD EPYC 7K62 48-Core Processor,NVIDIA GeForce RTX 5090,GPU-8e9c9e1a-e183-258c-0b3a-03a5ddebb2f8,580.95.05,cross-engine-gfn2-force-v1
1,b128,dxtb-cpu,32,128,auto-warm,cold,4096,16,0,available,3963.157335,4096.235952,3657.221166,4668.329355,4668.329355,32.29748132116486,pass,pass,1.1817424194759951e-06,8.362041761106331e-08,2026-08-09,b529b5ddb75c0554274955082a189f9f88437cb2,dxtb 0.4.0; PyTorch 2.13.0; tad-libcint 0.3.0,benchmarks/evidence/issue-13/2026-08-09-node3-pr231/dxtb-cpu-b128.csv,59c0d0610788c11eb476d3f15e150c750e85dc8e368deda04b9e4a750b7fc5f1,benchmarks/evidence/issue-13/2026-08-09-node3-pr231/README.md,e7a3d61ff6151bfa5f14d89a0c048f199035ee844a658bfe87fc9d39e35a8532,node3,AMD EPYC 7K62 48-Core Processor,NVIDIA GeForce RTX 5090,GPU-8e9c9e1a-e183-258c-0b3a-03a5ddebb2f8,580.95.05,cross-engine-gfn2-force-v1
1,b128,dxtb-cpu,62,128,auto-warm,cold,7936,16,0,available,15003.518355999999,15252.862655333332,14976.788303,15778.281307,15778.281307,8.531332249066235,pass,pass,9.17851708948092e-06,9.894067058771605e-06,2026-08-09,b529b5ddb75c0554274955082a189f9f88437cb2,dxtb 0.4.0; PyTorch 2.13.0; tad-libcint 0.3.0,benchmarks/evidence/issue-13/2026-08-09-node3-pr231/dxtb-cpu-b128.csv,59c0d0610788c11eb476d3f15e150c750e85dc8e368deda04b9e4a750b7fc5f1,benchmarks/evidence/issue-13/2026-08-09-node3-pr231/README.md,e7a3d61ff6151bfa5f14d89a0c048f199035ee844a658bfe87fc9d39e35a8532,node3,AMD EPYC 7K62 48-Core Processor,NVIDIA GeForce RTX 5090,GPU-8e9c9e1a-e183-258c-0b3a-03a5ddebb2f8,580.95.05,cross-engine-gfn2-force-v1
1,b128,dxtb-cpu,122,128,auto-warm,cold,15616,16,0,error,,,,,,,,,,,2026-08-09,b529b5ddb75c0554274955082a189f9f88437cb2,dxtb 0.4.0; PyTorch 2.13.0; tad-libcint 0.3.0,benchmarks/evidence/issue-13/2026-08-09-node3-pr231/dxtb-cpu-b128.csv,59c0d0610788c11eb476d3f15e150c750e85dc8e368deda04b9e4a750b7fc5f1,benchmarks/evidence/issue-13/2026-08-09-node3-pr231/README.md,e7a3d61ff6151bfa5f14d89a0c048f199035ee844a658bfe87fc9d39e35a8532,node3,AMD EPYC 7K62 48-Core Processor,NVIDIA GeForce RTX 5090,GPU-8e9c9e1a-e183-258c-0b3a-03a5ddebb2f8,580.95.05,cross-engine-gfn2-force-v1
1,b128,dxtb-cuda,14,128,auto-warm,cold,1792,16,0,available,1082.918972,1095.309626,1068.9714119999999,1134.038494,1134.038494,118.1990558015637,pass,pass,4.9496167875418e-07,8.848785434251161e-08,2026-08-09,b529b5ddb75c0554274955082a189f9f88437cb2,dxtb 0.4.0; PyTorch 2.13.0+cu130; tad-libcint 0.3.0,benchmarks/evidence/issue-13/2026-08-09-node3-pr231/dxtb-cuda-b128.csv,3368dbbc130463f702a2f544452c1d4f3b6ab4280bfe932f7f316100718a7ec6,benchmarks/evidence/issue-13/2026-08-09-node3-pr231/README.md,e7a3d61ff6151bfa5f14d89a0c048f199035ee844a658bfe87fc9d39e35a8532,node3,AMD EPYC 7K62 48-Core Processor,NVIDIA GeForce RTX 5090,GPU-8e9c9e1a-e183-258c-0b3a-03a5ddebb2f8,580.95.05,cross-engine-gfn2-force-v1
1,b128,dxtb-cuda,32,128,auto-warm,cold,4096,16,0,available,2316.5080629999998,2291.389558,2222.4194319999997,2335.241179,2335.241179,55.255581469564696,pass,pass,1.1817423057891574e-06,8.362036246767346e-08,2026-08-09,b529b5ddb75c0554274955082a189f9f88437cb2,dxtb 0.4.0; PyTorch 2.13.0+cu130; tad-libcint 0.3.0,benchmarks/evidence/issue-13/2026-08-09-node3-pr231/dxtb-cuda-b128.csv,3368dbbc130463f702a2f544452c1d4f3b6ab4280bfe932f7f316100718a7ec6,benchmarks/evidence/issue-13/2026-08-09-node3-pr231/README.md,e7a3d61ff6151bfa5f14d89a0c048f199035ee844a658bfe87fc9d39e35a8532,node3,AMD EPYC 7K62 48-Core Processor,NVIDIA GeForce RTX 5090,GPU-8e9c9e1a-e183-258c-0b3a-03a5ddebb2f8,580.95.05,cross-engine-gfn2-force-v1
1,b128,dxtb-cuda,62,128,auto-warm,cold,7936,16,0,available,7732.841187999999,7681.590272666665,7557.098042,7754.831588,7754.831588,16.55277754813242,pass,pass,9.178526781283836e-06,9.8940670559787e-06,2026-08-09,b529b5ddb75c0554274955082a189f9f88437cb2,dxtb 0.4.0; PyTorch 2.13.0+cu130; tad-libcint 0.3.0,benchmarks/evidence/issue-13/2026-08-09-node3-pr231/dxtb-cuda-b128.csv,3368dbbc130463f702a2f544452c1d4f3b6ab4280bfe932f7f316100718a7ec6,benchmarks/evidence/issue-13/2026-08-09-node3-pr231/README.md,e7a3d61ff6151bfa5f14d89a0c048f199035ee844a658bfe87fc9d39e35a8532,node3,AMD EPYC 7K62 48-Core Processor,NVIDIA GeForce RTX 5090,GPU-8e9c9e1a-e183-258c-0b3a-03a5ddebb2f8,580.95.05,cross-engine-gfn2-force-v1
1,b128,dxtb-cuda,122,128,auto-warm,cold,15616,16,0,error,,,,,,,,,,,2026-08-09,b529b5ddb75c0554274955082a189f9f88437cb2,dxtb 0.4.0; PyTorch 2.13.0+cu130; tad-libcint 0.3.0,benchmarks/evidence/issue-13/2026-08-09-node3-pr231/dxtb-cuda-b128.csv,3368dbbc130463f702a2f544452c1d4f3b6ab4280bfe932f7f316100718a7ec6,benchmarks/evidence/issue-13/2026-08-09-node3-pr231/README.md,e7a3d61ff6151bfa5f14d89a0c048f199035ee844a658bfe87fc9d39e35a8532,node3,AMD EPYC 7K62 48-Core Processor,NVIDIA GeForce RTX 5090,GPU-8e9c9e1a-e183-258c-0b3a-03a5ddebb2f8,580.95.05,cross-engine-gfn2-force-v1
1,b512,xtbloom-cpu,14,512,cold,cold,7168,16,0,available,70.064802,69.94348699999999,65.47627299999999,74.289386,74.289386,7307.520829074776,pass,pass,1.2591350184720795e-08,1.655914441697076e-05,2026-08-09,c9c0a432947f122d25cb91d0a4624af0a3e761ad,libxtbloom.so.0.1.0 sha256=eba5b40dd5cd9c156a3d4eb9a1fdb0da96e0d5beaa668bdeb51694ce67364ad2,benchmarks/evidence/issue-13/2026-08-09-node3-pr231/xtbloom-cpu-b512.csv,bce1245abab1ce7e23a71806cb500f453114bac20d315dded73463515fa557ca,benchmarks/evidence/issue-13/2026-08-09-node3-pr231/README.md,33a344f3995660fb53f5025c7c217ac6e1e7dc4a53109759ddebda7d8dfee7e7,node3,AMD EPYC 7K62 48-Core Processor,NVIDIA GeForce RTX 5090,GPU-8e9c9e1a-e183-258c-0b3a-03a5ddebb2f8,580.95.05,cross-engine-gfn2-force-v1
1,b512,xtbloom-cpu,32,512,cold,cold,16384,16,0,available,350.098001,350.03999866666663,349.916998,350.10499699999997,350.10499699999997,1462.447653335787,pass,pass,4.3942627314663696e-08,2.932242477098057e-05,2026-08-09,c9c0a432947f122d25cb91d0a4624af0a3e761ad,libxtbloom.so.0.1.0 sha256=eba5b40dd5cd9c156a3d4eb9a1fdb0da96e0d5beaa668bdeb51694ce67364ad2,benchmarks/evidence/issue-13/2026-08-09-node3-pr231/xtbloom-cpu-b512.csv,bce1245abab1ce7e23a71806cb500f453114bac20d315dded73463515fa557ca,benchmarks/evidence/issue-13/2026-08-09-node3-pr231/README.md,33a344f3995660fb53f5025c7c217ac6e1e7dc4a53109759ddebda7d8dfee7e7,node3,AMD EPYC 7K62 48-Core Processor,NVIDIA GeForce RTX 5090,GPU-8e9c9e1a-e183-258c-0b3a-03a5ddebb2f8,580.95.05,cross-engine-gfn2-force-v1
1,b512,xtbloom-cpu,62,512,cold,cold,31744,16,0,available,1282.293113,1283.1550973333333,1282.264092,1284.908087,1284.908087,399.28468367278833,pass,pass,4.5710979179602873e-07,1.0295000082875122e-05,2026-08-09,c9c0a432947f122d25cb91d0a4624af0a3e761ad,libxtbloom.so.0.1.0 sha256=eba5b40dd5cd9c156a3d4eb9a1fdb0da96e0d5beaa668bdeb51694ce67364ad2,benchmarks/evidence/issue-13/2026-08-09-node3-pr231/xtbloom-cpu-b512.csv,bce1245abab1ce7e23a71806cb500f453114bac20d315dded73463515fa557ca,benchmarks/evidence/issue-13/2026-08-09-node3-pr231/README.md,33a344f3995660fb53f5025c7c217ac6e1e7dc4a53109759ddebda7d8dfee7e7,node3,AMD EPYC 7K62 48-Core Processor,NVIDIA GeForce RTX 5090,GPU-8e9c9e1a-e183-258c-0b3a-03a5ddebb2f8,580.95.05,cross-engine-gfn2-force-v1
1,b512,xtbloom-cpu,122,512,cold,cold,62464,16,0,available,5528.880177999999,5533.008891,5519.835558,5550.310937,5550.310937,92.60464750842355,pass,pass,3.6129745240032207e-07,1.0235925888066669e-05,2026-08-09,c9c0a432947f122d25cb91d0a4624af0a3e761ad,libxtbloom.so.0.1.0 sha256=eba5b40dd5cd9c156a3d4eb9a1fdb0da96e0d5beaa668bdeb51694ce67364ad2,benchmarks/evidence/issue-13/2026-08-09-node3-pr231/xtbloom-cpu-b512.csv,bce1245abab1ce7e23a71806cb500f453114bac20d315dded73463515fa557ca,benchmarks/evidence/issue-13/2026-08-09-node3-pr231/README.md,33a344f3995660fb53f5025c7c217ac6e1e7dc4a53109759ddebda7d8dfee7e7,node3,AMD EPYC 7K62 48-Core Processor,NVIDIA GeForce RTX 5090,GPU-8e9c9e1a-e183-258c-0b3a-03a5ddebb2f8,580.95.05,cross-engine-gfn2-force-v1
1,b512,xtbloom-cuda,14,512,cold,cold,7168,16,0,available,272.53716199999997,272.62756866666666,272.488042,272.857502,272.857502,1878.6428839381547,pass,pass,1.2591348408363956e-08,1.6559144416901372e-05,2026-08-20,af65028c5dddc1a3aad3ffc554f0b7dba121a2fe,libxtbloom.so.0.2.0 sha256=6a0c81f844bda7814e450cbc716e5cc9f773377b6e79b4d3efd8c37ef1511b95; CUDA 12.9.86 sm_120,benchmarks/evidence/issue-459/2026-08-20-node3/xtbloom-cuda-b512.csv,6e54dfa36654333ef0fac2d75d8eb0b6b6c5b2c97ce752c52dd2a9c84b511374,benchmarks/evidence/issue-459/2026-08-20-node3/README.md,1201442fa630ce40bcd93f3d788c1348bce61f4b140215a6aa6001e3efd17af4,node3,AMD EPYC 7K62 48-Core Processor,NVIDIA GeForce RTX 5090,GPU-8e9c9e1a-e183-258c-0b3a-03a5ddebb2f8,580.95.05,cross-engine-gfn2-force-v1
1,b512,xtbloom-cuda,32,512,cold,cold,16384,16,0,available,413.655979,413.676463,413.586757,413.786653,413.786653,1237.7435018290887,pass,pass,4.3942655736373126e-08,2.9322424771459354e-05,2026-08-20,af65028c5dddc1a3aad3ffc554f0b7dba121a2fe,libxtbloom.so.0.2.0 sha256=6a0c81f844bda7814e450cbc716e5cc9f773377b6e79b4d3efd8c37ef1511b95; CUDA 12.9.86 sm_120,benchmarks/evidence/issue-459/2026-08-20-node3/xtbloom-cuda-b512.csv,6e54dfa36654333ef0fac2d75d8eb0b6b6c5b2c97ce752c52dd2a9c84b511374,benchmarks/evidence/issue-459/2026-08-20-node3/README.md,1201442fa630ce40bcd93f3d788c1348bce61f4b140215a6aa6001e3efd17af4,node3,AMD EPYC 7K62 48-Core Processor,NVIDIA GeForce RTX 5090,GPU-8e9c9e1a-e183-258c-0b3a-03a5ddebb2f8,580.95.05,cross-engine-gfn2-force-v1
1,b512,xtbloom-cuda,62,512,cold,cold,31744,16,0,available,1158.799784,1158.7116746666668,1158.1152419999999,1159.219998,1159.219998,441.8364648228136,pass,pass,4.5710945073551557e-07,1.0295000082854305e-05,2026-08-20,af65028c5dddc1a3aad3ffc554f0b7dba121a2fe,libxtbloom.so.0.2.0 sha256=6a0c81f844bda7814e450cbc716e5cc9f773377b6e79b4d3efd8c37ef1511b95; CUDA 12.9.86 sm_120,benchmarks/evidence/issue-459/2026-08-20-node3/xtbloom-cuda-b512.csv,6e54dfa36654333ef0fac2d75d8eb0b6b6c5b2c97ce752c52dd2a9c84b511374,benchmarks/evidence/issue-459/2026-08-20-node3/README.md,1201442fa630ce40bcd93f3d788c1348bce61f4b140215a6aa6001e3efd17af4,node3,AMD EPYC 7K62 48-Core Processor,NVIDIA GeForce RTX 5090,GPU-8e9c9e1a-e183-258c-0b3a-03a5ddebb2f8,580.95.05,cross-engine-gfn2-force-v1
1,b512,xtbloom-cuda,122,512,cold,cold,62464,16,0,available,4071.670216,4069.948312,4065.4619289999996,4072.712791,4072.712791,125.74692272179836,pass,pass,3.6129819136476726e-07,1.023592588783942e-05,2026-08-20,af65028c5dddc1a3aad3ffc554f0b7dba121a2fe,libxtbloom.so.0.2.0 sha256=6a0c81f844bda7814e450cbc716e5cc9f773377b6e79b4d3efd8c37ef1511b95; CUDA 12.9.86 sm_120,benchmarks/evidence/issue-459/2026-08-20-node3/xtbloom-cuda-b512.csv,6e54dfa36654333ef0fac2d75d8eb0b6b6c5b2c97ce752c52dd2a9c84b511374,benchmarks/evidence/issue-459/2026-08-20-node3/README.md,1201442fa630ce40bcd93f3d788c1348bce61f4b140215a6aa6001e3efd17af4,node3,AMD EPYC 7K62 48-Core Processor,NVIDIA GeForce RTX 5090,GPU-8e9c9e1a-e183-258c-0b3a-03a5ddebb2f8,580.95.05,cross-engine-gfn2-force-v1
1,b512,xtb,14,512,cold,cold,7168,16,0,available,1415.6398829999998,1414.297316,1411.575861,1415.6762039999999,1415.6762039999999,361.6739017800052,pass,pass,7.408644364659267e-09,1.8260489105552044e-06,2026-08-09,b31754bf3c7cccf8c242c469b03ae675e04bd608,xTB 6.7.1 libxtb.so sha256=959ed711f85f3c84e5e9dffd15e1b49dfae1bd46783f544ce8756b5e148094dd,benchmarks/evidence/issue-13/2026-08-09-node3-pr231/xtb-b512.csv,84e1653fe13d5a97f49352b38a52733e60385560b297500352a5bd4ce65fbc38,benchmarks/evidence/issue-13/2026-08-09-node3-pr231/README.md,33a344f3995660fb53f5025c7c217ac6e1e7dc4a53109759ddebda7d8dfee7e7,node3,AMD EPYC 7K62 48-Core Processor,NVIDIA GeForce RTX 5090,GPU-8e9c9e1a-e183-258c-0b3a-03a5ddebb2f8,580.95.05,cross-engine-gfn2-force-v1
1,b512,xtb,32,512,cold,cold,16384,16,0,available,3812.130816,3811.5125733333334,3803.0086539999998,3819.3982499999997,3819.3982499999997,134.30808771070252,pass,pass,1.8350135633227183e-08,1.98665377848517e-06,2026-08-09,b31754bf3c7cccf8c242c469b03ae675e04bd608,xTB 6.7.1 libxtb.so sha256=959ed711f85f3c84e5e9dffd15e1b49dfae1bd46783f544ce8756b5e148094dd,benchmarks/evidence/issue-13/2026-08-09-node3-pr231/xtb-b512.csv,84e1653fe13d5a97f49352b38a52733e60385560b297500352a5bd4ce65fbc38,benchmarks/evidence/issue-13/2026-08-09-node3-pr231/README.md,33a344f3995660fb53f5025c7c217ac6e1e7dc4a53109759ddebda7d8dfee7e7,node3,AMD EPYC 7K62 48-Core Processor,NVIDIA GeForce RTX 5090,GPU-8e9c9e1a-e183-258c-0b3a-03a5ddebb2f8,580.95.05,cross-engine-gfn2-force-v1
1,b512,xtb,62,512,cold,cold,31744,16,0,available,11474.463549,11470.052339666667,11459.628515,11476.064955,11476.064955,44.620822386474075,pass,pass,1.1455873888621682e-05,1.0697998446333908e-05,2026-08-09,b31754bf3c7cccf8c242c469b03ae675e04bd608,xTB 6.7.1 libxtb.so sha256=959ed711f85f3c84e5e9dffd15e1b49dfae1bd46783f544ce8756b5e148094dd,benchmarks/evidence/issue-13/2026-08-09-node3-pr231/xtb-b512.csv,84e1653fe13d5a97f49352b38a52733e60385560b297500352a5bd4ce65fbc38,benchmarks/evidence/issue-13/2026-08-09-node3-pr231/README.md,33a344f3995660fb53f5025c7c217ac6e1e7dc4a53109759ddebda7d8dfee7e7,node3,AMD EPYC 7K62 48-Core Processor,NVIDIA GeForce RTX 5090,GPU-8e9c9e1a-e183-258c-0b3a-03a5ddebb2f8,580.95.05,cross-engine-gfn2-force-v1
1,b512,xtb,122,512,cold,cold,62464,16,0,available,44094.246403,44090.26825533333,44077.594031,44098.964331999996,44098.964331999996,11.61149224142689,pass,pass,3.7328783179191305e-05,1.0423919031582463e-05,2026-08-09,b31754bf3c7cccf8c242c469b03ae675e04bd608,xTB 6.7.1 libxtb.so sha256=959ed711f85f3c84e5e9dffd15e1b49dfae1bd46783f544ce8756b5e148094dd,benchmarks/evidence/issue-13/2026-08-09-node3-pr231/xtb-b512.csv,84e1653fe13d5a97f49352b38a52733e60385560b297500352a5bd4ce65fbc38,benchmarks/evidence/issue-13/2026-08-09-node3-pr231/README.md,33a344f3995660fb53f5025c7c217ac6e1e7dc4a53109759ddebda7d8dfee7e7,node3,AMD EPYC 7K62 48-Core Processor,NVIDIA GeForce RTX 5090,GPU-8e9c9e1a-e183-258c-0b3a-03a5ddebb2f8,580.95.05,cross-engine-gfn2-force-v1
1,b512,tblite,14,512,cold,cold,7168,16,0,available,1277.834454,1279.712261,1275.770235,1285.532094,1285.532094,400.67787998460085,pass,reference,,,2026-08-09,133f91efb94b47f05848e1f86832f40a1accc385,tblite 0.7.0 libtblite.so sha256=1c2fb4308b398851580af11ccad5eec22314ff45a34a553380277e776a44c3b5,benchmarks/evidence/issue-13/2026-08-09-node3-pr231/ref-tblite-b512.csv,81301514591811940c70c9ff56b664a80980d32d0c25efe184d604012d9ea60e,benchmarks/evidence/issue-13/2026-08-09-node3-pr231/README.md,,node3,AMD EPYC 7K62 48-Core Processor,NVIDIA GeForce RTX 5090,GPU-8e9c9e1a-e183-258c-0b3a-03a5ddebb2f8,580.95.05,cross-engine-gfn2-force-v1
1,b512,tblite,32,512,cold,cold,16384,16,0,available,4648.710468,4647.889962333334,4646.100999,4648.85842,4648.85842,110.13807022924276,pass,reference,,,2026-08-09,133f91efb94b47f05848e1f86832f40a1accc385,tblite 0.7.0 libtblite.so sha256=1c2fb4308b398851580af11ccad5eec22314ff45a34a553380277e776a44c3b5,benchmarks/evidence/issue-13/2026-08-09-node3-pr231/ref-tblite-b512.csv,81301514591811940c70c9ff56b664a80980d32d0c25efe184d604012d9ea60e,benchmarks/evidence/issue-13/2026-08-09-node3-pr231/README.md,,node3,AMD EPYC 7K62 48-Core Processor,NVIDIA GeForce RTX 5090,GPU-8e9c9e1a-e183-258c-0b3a-03a5ddebb2f8,580.95.05,cross-engine-gfn2-force-v1
1,b512,tblite,62,512,cold,cold,31744,16,0,available,13697.167734999999,13696.948920333334,13692.196827,13701.482199,13701.482199,37.3799905137834,pass,reference,,,2026-08-09,133f91efb94b47f05848e1f86832f40a1accc385,tblite 0.7.0 libtblite.so sha256=1c2fb4308b398851580af11ccad5eec22314ff45a34a553380277e776a44c3b5,benchmarks/evidence/issue-13/2026-08-09-node3-pr231/ref-tblite-b512.csv,81301514591811940c70c9ff56b664a80980d32d0c25efe184d604012d9ea60e,benchmarks/evidence/issue-13/2026-08-09-node3-pr231/README.md,,node3,AMD EPYC 7K62 48-Core Processor,NVIDIA GeForce RTX 5090,GPU-8e9c9e1a-e183-258c-0b3a-03a5ddebb2f8,580.95.05,cross-engine-gfn2-force-v1
1,b512,tblite,122,512,cold,cold,62464,16,0,available,50513.27904,50513.03662066666,50467.432878,50558.397944,50558.397944,10.135948600655325,pass,reference,,,2026-08-09,133f91efb94b47f05848e1f86832f40a1accc385,tblite 0.7.0 libtblite.so sha256=1c2fb4308b398851580af11ccad5eec22314ff45a34a553380277e776a44c3b5,benchmarks/evidence/issue-13/2026-08-09-node3-pr231/ref-tblite-b512.csv,81301514591811940c70c9ff56b664a80980d32d0c25efe184d604012d9ea60e,benchmarks/evidence/issue-13/2026-08-09-node3-pr231/README.md,,node3,AMD EPYC 7K62 48-Core Processor,NVIDIA GeForce RTX 5090,GPU-8e9c9e1a-e183-258c-0b3a-03a5ddebb2f8,580.95.05,cross-engine-gfn2-force-v1
1,b512,dxtb-cpu,14,512,cold,cold,7168,16,0,available,5096.587597,5123.739216,5090.461617,5184.168434,5184.168434,100.45937409206469,pass,pass,4.951233112393538e-07,2.0739769356868665e-06,2026-08-09,b529b5ddb75c0554274955082a189f9f88437cb2,dxtb 0.4.0; PyTorch 2.13.0; tad-libcint 0.3.0,benchmarks/evidence/issue-13/2026-08-09-node3-pr231/dxtb-cpu-b512.csv,5e3f02cd2ef6eb9e9b56a6f0a95dfc438aae72dedd8dbb7b888c5ff3fe371c84,benchmarks/evidence/issue-13/2026-08-09-node3-pr231/README.md,33a344f3995660fb53f5025c7c217ac6e1e7dc4a53109759ddebda7d8dfee7e7,node3,AMD EPYC 7K62 48-Core Processor,NVIDIA GeForce RTX 5090,GPU-8e9c9e1a-e183-258c-0b3a-03a5ddebb2f8,580.95.05,cross-engine-gfn2-force-v1
1,b512,dxtb-cpu,32,512,cold,cold,16384,16,0,available,25434.359572999998,25434.092305333335,25385.521408,25482.395935,25482.395935,20.130249339697027,pass,pass,1.1812833520252752e-06,1.1703316134814568e-06,2026-08-09,b529b5ddb75c0554274955082a189f9f88437cb2,dxtb 0.4.0; PyTorch 2.13.0; tad-libcint 0.3.0,benchmarks/evidence/issue-13/2026-08-09-node3-pr231/dxtb-cpu-b512.csv,5e3f02cd2ef6eb9e9b56a6f0a95dfc438aae72dedd8dbb7b888c5ff3fe371c84,benchmarks/evidence/issue-13/2026-08-09-node3-pr231/README.md,33a344f3995660fb53f5025c7c217ac6e1e7dc4a53109759ddebda7d8dfee7e7,node3,AMD EPYC 7K62 48-Core Processor,NVIDIA GeForce RTX 5090,GPU-8e9c9e1a-e183-258c-0b3a-03a5ddebb2f8,580.95.05,cross-engine-gfn2-force-v1
1,b512,dxtb-cpu,62,512,cold,cold,31744,16,0,available,104793.390418,104756.66822566667,104282.78420499999,105193.83005399999,105193.83005399999,4.8858043237052815,pass,pass,9.262097591999918e-06,1.0758319009983829e-05,2026-08-09,b529b5ddb75c0554274955082a189f9f88437cb2,dxtb 0.4.0; PyTorch 2.13.0; tad-libcint 0.3.0,benchmarks/evidence/issue-13/2026-08-09-node3-pr231/dxtb-cpu-b512.csv,5e3f02cd2ef6eb9e9b56a6f0a95dfc438aae72dedd8dbb7b888c5ff3fe371c84,benchmarks/evidence/issue-13/2026-08-09-node3-pr231/README.md,33a344f3995660fb53f5025c7c217ac6e1e7dc4a53109759ddebda7d8dfee7e7,node3,AMD EPYC 7K62 48-Core Processor,NVIDIA GeForce RTX 5090,GPU-8e9c9e1a-e183-258c-0b3a-03a5ddebb2f8,580.95.05,cross-engine-gfn2-force-v1
1,b512,dxtb-cpu,122,512,cold,cold,62464,16,0,error,,,,,,,,,,,2026-08-09,b529b5ddb75c0554274955082a189f9f88437cb2,dxtb 0.4.0; PyTorch 2.13.0; tad-libcint 0.3.0,benchmarks/evidence/issue-13/2026-08-09-node3-pr231/dxtb-cpu-b512.csv,5e3f02cd2ef6eb9e9b56a6f0a95dfc438aae72dedd8dbb7b888c5ff3fe371c84,benchmarks/evidence/issue-13/2026-08-09-node3-pr231/README.md,33a344f3995660fb53f5025c7c217ac6e1e7dc4a53109759ddebda7d8dfee7e7,node3,AMD EPYC 7K62 48-Core Processor,NVIDIA GeForce RTX 5090,GPU-8e9c9e1a-e183-258c-0b3a-03a5ddebb2f8,580.95.05,cross-engine-gfn2-force-v1
1,b512,dxtb-cuda,14,512,cold,cold,7168,16,0,available,3869.492316,3900.057326333333,3842.670519,3988.0091439999997,3988.0091439999997,132.3170995541008,pass,pass,4.951233236738517e-07,2.0739769866946756e-06,2026-08-09,b529b5ddb75c0554274955082a189f9f88437cb2,dxtb 0.4.0; PyTorch 2.13.0+cu130; tad-libcint 0.3.0,benchmarks/evidence/issue-13/2026-08-09-node3-pr231/dxtb-cuda-b512.csv,67850a922bdf6c579ac9da18a414a163485d91c105c1b2a386a68f8eb2a20274,benchmarks/evidence/issue-13/2026-08-09-node3-pr231/README.md,33a344f3995660fb53f5025c7c217ac6e1e7dc4a53109759ddebda7d8dfee7e7,node3,AMD EPYC 7K62 48-Core Processor,NVIDIA GeForce RTX 5090,GPU-8e9c9e1a-e183-258c-0b3a-03a5ddebb2f8,580.95.05,cross-engine-gfn2-force-v1
1,b512,dxtb-cuda,32,512,cold,cold,16384,16,0,available,19504.036752,18348.95927533333,16025.601544,19517.23953,19517.23953,26.25097596514209,pass,pass,1.1812833591307026e-06,1.1703316171833567e-06,2026-08-09,b529b5ddb75c0554274955082a189f9f88437cb2,dxtb 0.4.0; PyTorch 2.13.0+cu130; tad-libcint 0.3.0,benchmarks/evidence/issue-13/2026-08-09-node3-pr231/dxtb-cuda-b512.csv,67850a922bdf6c579ac9da18a414a163485d91c105c1b2a386a68f8eb2a20274,benchmarks/evidence/issue-13/2026-08-09-node3-pr231/README.md,33a344f3995660fb53f5025c7c217ac6e1e7dc4a53109759ddebda7d8dfee7e7,node3,AMD EPYC 7K62 48-Core Processor,NVIDIA GeForce RTX 5090,GPU-8e9c9e1a-e183-258c-0b3a-03a5ddebb2f8,580.95.05,cross-engine-gfn2-force-v1
1,b512,dxtb-cuda,62,512,cold,cold,31744,16,0,error,,,,,,,,,,,2026-08-09,b529b5ddb75c0554274955082a189f9f88437cb2,dxtb 0.4.0; PyTorch 2.13.0+cu130; tad-libcint 0.3.0,benchmarks/evidence/issue-13/2026-08-09-node3-pr231/dxtb-cuda-b512.csv,67850a922bdf6c579ac9da18a414a163485d91c105c1b2a386a68f8eb2a20274,benchmarks/evidence/issue-13/2026-08-09-node3-pr231/README.md,33a344f3995660fb53f5025c7c217ac6e1e7dc4a53109759ddebda7d8dfee7e7,node3,AMD EPYC 7K62 48-Core Processor,NVIDIA GeForce RTX 5090,GPU-8e9c9e1a-e183-258c-0b3a-03a5ddebb2f8,580.95.05,cross-engine-gfn2-force-v1
1,b512,dxtb-cuda,122,512,cold,cold,62464,16,0,error,,,,,,,,,,,2026-08-09,b529b5ddb75c0554274955082a189f9f88437cb2,dxtb 0.4.0; PyTorch 2.13.0+cu130; tad-libcint 0.3.0,benchmarks/evidence/issue-13/2026-08-09-node3-pr231/dxtb-cuda-b512.csv,67850a922bdf6c579ac9da18a414a163485d91c105c1b2a386a68f8eb2a20274,benchmarks/evidence/issue-13/2026-08-09-node3-pr231/README.md,33a344f3995660fb53f5025c7c217ac6e1e7dc4a53109759ddebda7d8dfee7e7,node3,AMD EPYC 7K62 48-Core Processor,NVIDIA GeForce RTX 5090,GPU-8e9c9e1a-e183-258c-0b3a-03a5ddebb2f8,580.95.05,cross-engine-gfn2-force-v1
